{
    "accuracy": 0.9955882430076599,
    "mae": 0.006601855894360305,
    "classification_report": {
        "freshapples": {
            "precision": 0.9936507936507937,
            "recall": 0.9968152866242038,
            "f1-score": 0.9952305246422893,
            "support": 314.0
        },
        "freshbanana": {
            "precision": 1.0,
            "recall": 1.0,
            "f1-score": 1.0,
            "support": 294.0
        },
        "freshoranges": {
            "precision": 0.9963898916967509,
            "recall": 0.9928057553956835,
            "f1-score": 0.9945945945945946,
            "support": 278.0
        },
        "rottenapples": {
            "precision": 0.9909706546275395,
            "recall": 0.9932126696832579,
            "f1-score": 0.992090395480226,
            "support": 442.0
        },
        "rottenbanana": {
            "precision": 1.0,
            "recall": 1.0,
            "f1-score": 1.0,
            "support": 413.0
        },
        "rottenoranges": {
            "precision": 0.9932885906040269,
            "recall": 0.9899665551839465,
            "f1-score": 0.9916247906197655,
            "support": 299.0
        },
        "accuracy": 0.9955882352941177,
        "macro avg": {
            "precision": 0.9957166550965185,
            "recall": 0.9954667111478487,
            "f1-score": 0.9955900508894793,
            "support": 2040.0
        },
        "weighted avg": {
            "precision": 0.9955907142323641,
            "recall": 0.9955882352941177,
            "f1-score": 0.9955879653100715,
            "support": 2040.0
        }
    },
    "confusion_matrix": [
        [
            313,
            0,
            0,
            1,
            0,
            0
        ],
        [
            0,
            294,
            0,
            0,
            0,
            0
        ],
        [
            0,
            0,
            276,
            1,
            0,
            1
        ],
        [
            2,
            0,
            0,
            439,
            0,
            1
        ],
        [
            0,
            0,
            0,
            0,
            413,
            0
        ],
        [
            0,
            0,
            1,
            2,
            0,
            296
        ]
    ],
    "classes": [
        "freshapples",
        "freshbanana",
        "freshoranges",
        "rottenapples",
        "rottenbanana",
        "rottenoranges"
    ]
}